"x1","x2","x3","life_low1","life_med1","life_upp1","life_low2","life_med2","life_upp2","life_low3","life_med3","life_upp3","shapem_low1","shapem_med1","shapem_upp1","shapem_low2","shapem_med2","shapem_upp2","shapem_low3","shapem_med3","shapem_upp3","shapef_low1","shapef_med1","shapef_upp1","shapef_low2","shapef_med2","shapef_upp2","shapef_low3","shapef_med3","shapef_upp3","to_low1","to_med1","to_upp1","to_low2","to_med2","to_upp2","to_low3","to_med3","to_upp3","area2_low1","area2_med1","area2_upp1","area2_low2","area2_med2","area2_upp2","area2_low3","area2_med3","area2_upp3"
4.9416424226093,-3.43140345262871,6.18043064662061,19.2304246868725,20.3500316267044,21.4964818996992,18.0272191390521,19.3635546462342,20.77652775079,18.5926850041984,19.6320551577366,20.5490650806328,0.81841200129665,0.838487118516879,0.855973642609017,0.824033458611548,0.845880723730904,0.866317200278036,0.807821770242154,0.829237506487334,0.84947548476859,-0.548301077938342,-0.388878453058509,-0.230038420895458,-0.71910918870859,-0.51571405710783,-0.337161197181964,-0.678085236623276,-0.502022099443353,-0.32495615056589,11.9400385274189,13.080742248167,14.3022854298584,11.5499498070139,12.8753486368551,14.2329296127201,11.6785257819776,12.6892048809739,13.6336513968839,4.82509235836108,5.32591686385366,5.82315525826659,5.36530015172437,5.94690896898032,6.51248841956152,4.56747512982574,5.04643833711721,5.54000965042809
4.97274299561221,-3.36439471765791,6.18854632331504,19.246013550987,20.3441057817952,21.4691839717623,18.0654930733423,19.3767622488143,20.7769816593372,18.6186098036057,19.6455564685876,20.5487595416647,0.818841360899169,0.838528126291647,0.855733797419071,0.824239886978271,0.845785100714686,0.865984993430905,0.808587199984346,0.829494901518879,0.849438887734977,-0.545636372027292,-0.389119547846898,-0.234119746796708,-0.712413585620573,-0.512931754894954,-0.337558698751214,-0.673629709107776,-0.499320932168049,-0.326931734112752,11.9446882974626,13.0731606171429,14.2725849615546,11.5632788640552,12.8748048022691,14.2116179135009,11.696880871862,12.6913443590147,13.6202547314839,4.82890289531822,5.32320199887129,5.80942733774933,5.35744979572192,5.93330306527696,6.49221535478828,4.57945922998824,5.05018927528743,5.53655451993773
5.00384356861512,-3.29738598268711,6.19666200000948,19.2589958680326,20.3409750619999,21.4418860438254,18.106510517657,19.394641425177,20.7774355678844,18.6549812068072,19.6606960797214,20.5493582358785,0.819386668356618,0.838647317336657,0.855489207845317,0.824509866490149,0.845673087262342,0.86548817510811,0.809413189918142,0.829769291412984,0.849405200227682,-0.542291098943169,-0.389845529109392,-0.237969335298841,-0.706432164028809,-0.51071159048541,-0.337956200320463,-0.667658442086064,-0.496686508820421,-0.328907317659614,11.9522583391397,13.0652513650661,14.242875159161,11.5847881608861,12.8742461201845,14.1897656082043,11.7127008730947,12.6922186589496,13.6055567633924,4.83331282391897,5.32093008372636,5.80076865798709,5.35076473295088,5.91793171315705,6.46722264407146,4.59101341511485,5.05431941127488,5.53146124267939
5.03494414161802,-3.23037724771631,6.20477767670391,19.2712612100644,20.3378199064664,21.4145881158885,18.1417778469512,19.4101130310497,20.7773524884309,18.6849339992098,19.6754452127153,20.5456450128389,0.819713237101122,0.838768234052744,0.855312108317866,0.8248911753266,0.845580742157192,0.865111897448569,0.810112105600908,0.830080314842483,0.849369304342015,-0.539970960153701,-0.390051906145615,-0.240791783227858,-0.700947868263719,-0.508123678747301,-0.338756270375171,-0.661930218376378,-0.493864831346528,-0.330857438018594,11.9789483643378,13.0568051898822,14.2131653567675,11.6090785444845,12.871755651374,14.1648464117196,11.7371618596922,12.6987381747326,13.5895929421898,4.83484623368689,5.31797373208956,5.78833552647079,5.34425252404029,5.90359115339329,6.44110762992795,4.60440268294533,5.05798091341184,5.5281427192985
5.06604471462093,-3.16336851274551,6.21289335339835,19.2903511212547,20.3351041539098,21.3907506401219,18.1798013572905,19.4241017359485,20.7753977826893,18.7120155646413,19.6903109260839,20.5493316158376,0.820147583180301,0.838893304910293,0.855088260363702,0.825181084912389,0.84546730533887,0.864791868612853,0.810677080038166,0.830359778178432,0.849308186367643,-0.53745929631675,-0.389880529681973,-0.245152651092803,-0.69470930977167,-0.505766967665192,-0.338782103329876,-0.656439958210706,-0.491330957582027,-0.33106222824126,11.9912651499295,13.047899930595,14.1879158183345,11.6325682284521,12.8712912348253,14.1417764658805,11.7536752865891,12.7031827502074,13.5759559324461,4.83813718076311,5.31481913604805,5.77358172153748,5.33720016253642,5.88910408876547,6.41836437956092,4.6178771121561,5.06173253610203,5.52463156388341
5.09714528762383,-3.09635977777471,6.22100903009278,19.3097753157856,20.3299033255577,21.3607464795911,18.2083186882847,19.441278774245,20.7733726720977,18.7451570330023,19.7012356176374,20.5514759615961,0.820584333774654,0.838972906934411,0.854760416066338,0.825409175737329,0.845406577522453,0.864269895641701,0.811331173884304,0.830676398832807,0.849180825903553,-0.535587124281514,-0.390243053457624,-0.24758988127853,-0.689055646446836,-0.503696676904922,-0.339636047360822,-0.650313047908881,-0.488892015134459,-0.331777503176552,12.0053923872968,13.0414844572171,14.162024634061,11.6554614607103,12.869800234718,14.1168602345785,11.7654042508812,12.7091266692842,13.5700224567623,4.84295783082481,5.31181513690547,5.76165646694695,5.33024565475348,5.8739483246311,6.39932223027698,4.6312652604528,5.0657944625834,5.51773307648323
5.12824586062674,-3.02935104280391,6.22912470678722,19.315185794386,20.3259031087062,21.332741253461,18.2517552367526,19.4577115790148,20.7657229198906,18.774285658699,19.71738518803,20.5521486878993,0.820986767270913,0.839068370882183,0.854538350816949,0.825668826118467,0.845289920323521,0.863777106646426,0.812026077611945,0.830955665461619,0.84905108480842,-0.533691128536326,-0.390098583486513,-0.25001379795389,-0.683397590422918,-0.500927198422967,-0.339367942518551,-0.644663178614788,-0.486322883458446,-0.33180238694767,12.0150966032879,13.0376043640279,14.1371979636661,11.6783577042184,12.869199007622,14.0918531539067,11.7793120959795,12.7124566207783,13.5639126665382,4.84426504304268,5.30852145650281,5.75292438122087,5.32454084435048,5.85814276458127,6.37821584690255,4.64331444593121,5.06970568628441,5.51114394292
5.15934643362964,-2.96234230783312,6.23724038348165,19.336343993627,20.3226252470104,21.3135757974889,18.284103211018,19.4741566298402,20.756115975961,18.8003350071072,19.730033661408,20.5491501067833,0.821446881831551,0.839138995296009,0.854367572315992,0.825931516034811,0.84522309683024,0.863218829035108,0.812736247434602,0.831260486632212,0.848968624653736,-0.530730745342056,-0.390286327699302,-0.252657391244235,-0.677154741758639,-0.498940759746825,-0.339855452112507,-0.638782847690217,-0.483351084418801,-0.332208985552732,12.0248076524728,13.0343720278262,14.1088153235123,11.7020322047886,12.8685347539994,14.0669933745369,11.7981559746863,12.7140254862987,13.5469769181339,4.85073816082064,5.30535028480754,5.74158964275869,5.32219727326449,5.84317961424525,6.35647012951962,4.65802330128682,5.073724365491,5.50693422505081
5.19044700663255,-2.89533357286232,6.24535606017609,19.3567601719645,20.3188739635419,21.2880380164388,18.3325763478207,19.4912909695875,20.7461086307656,18.8283037960006,19.7409272041205,20.5498127615674,0.821890318821917,0.839155667974876,0.854242664287871,0.826189360476966,0.845131540583953,0.862779953886391,0.8133878882806,0.831610870833101,0.848794490674106,-0.527630830253512,-0.389996611200355,-0.255938208547176,-0.672058638666349,-0.496604578933894,-0.340392820160808,-0.632823152297238,-0.480885362610192,-0.33353866400148,12.0372697938476,13.0300374811832,14.0803233132007,11.720043648749,12.8672220755009,14.0498722009865,11.8085537935852,12.718611085208,13.531744797681,4.85835789353811,5.30266788186455,5.73086309484718,5.3174180466759,5.82863298932528,6.33111630207305,4.67072976030849,5.07834777536638,5.50272450718161
5.22154757963546,-2.82832483789152,6.25347173687052,19.369506841278,20.3134900205924,21.266248049766,18.3717379314965,19.507805672016,20.7361012855701,18.8515712622318,19.7528471646885,20.5494492827554,0.822244876584711,0.839186706627134,0.853997345458527,0.826438761874596,0.84509742305953,0.862350879031832,0.81408386966695,0.831966823841591,0.848733335164961,-0.524369045203552,-0.390353990831785,-0.258117369245927,-0.666411810003572,-0.494653862393885,-0.340934477426804,-0.628123590344313,-0.478654844792534,-0.334292312556316,12.060186605134,13.0214227434203,14.0516716071162,11.7390553456363,12.8655221537985,14.021124153915,11.8232958217438,12.7204344027552,13.5155806977942,4.86488281888694,5.29975783188199,5.72211819245832,5.31259309920751,5.81432056223024,6.30572135938929,4.68190578964707,5.08209693633277,5.49860430219286
5.25264815263836,-2.76131610292072,6.26158741356496,19.387215729258,20.3095411142234,21.2437999152528,18.4138273038947,19.5246501935333,20.7260939403747,18.8753062864319,19.7653797638735,20.5442741273244,0.822700039285526,0.839279267668912,0.853820827733088,0.826712302981601,0.845023756705696,0.861949902999574,0.81471093585237,0.832289050816981,0.848702304347936,-0.52232487450283,-0.390439221778959,-0.260078243170021,-0.660753274195166,-0.492710019145477,-0.341211400580306,-0.622667311656429,-0.475663443975089,-0.334877557423302,12.0831157381182,13.0152630586912,14.018225758517,11.7544309128222,12.8621857990704,13.9938022501354,11.8397202216769,12.7248783206179,13.5045927818446,4.87108059562707,5.29698606071139,5.71344449302419,5.30645857863814,5.79945541218592,6.28073210691673,4.69390052263967,5.08673508585527,5.49409697787207
5.28374872564127,-2.69430736794992,6.26970309025939,19.3899574424697,20.3028025621658,21.2144111551125,18.4540695073604,19.5411487430696,20.7160865951793,18.9103363494052,19.777226342541,20.5387536524891,0.823050855492828,0.839346911453818,0.853738037008352,0.826983770989954,0.844944272383605,0.861571898673891,0.815338002037789,0.832611817454333,0.848675634476601,-0.519027318076958,-0.390479079125201,-0.26370366072075,-0.654942746317567,-0.490571766361675,-0.341609080567402,-0.616838942205142,-0.473198280171674,-0.333749020803261,12.0952312561331,13.0091405627867,13.9851121815642,11.7728139908559,12.8578092628795,13.9751758719731,11.8564451610068,12.7262395684074,13.4992576114544,4.87872230341105,5.2941934755157,5.70469314398775,5.30170853335061,5.78530971185317,6.25872954960337,4.70335908101174,5.09056456800367,5.49030532790366
5.31484929864417,-2.62729863297912,6.27781876695383,19.4004400987949,20.297696793495,21.1849053947271,18.4922596641639,19.5563191055634,20.7060792499838,18.9363617442153,19.7898173659875,20.5404302305121,0.823624176769233,0.8394314961754,0.853535037275782,0.82724788644946,0.844894003044923,0.861199208563894,0.815963225248508,0.832867575501887,0.848643628246038,-0.516372479793136,-0.390225788711405,-0.26765942868187,-0.649438099331305,-0.488990094813776,-0.342049415378482,-0.611039941316648,-0.47091116327316,-0.332486690441806,12.1014575665042,13.001222702983,13.960193846625,11.7920112780062,12.8573159426301,13.9572196633461,11.8728060774809,12.7286197876634,13.4846556157583,4.88215861671495,5.29154949569589,5.69460785535053,5.29630016356314,5.77172425628207,6.23661483290435,4.71557016283209,5.09570372086715,5.48452880659722
5.34594987164708,-2.56028989800832,6.28593444364826,19.4116289578867,20.2925424472594,21.1620032583317,18.5311171843965,19.5707019130515,20.7000717761693,18.9643293537962,19.8032663446161,20.5399139422908,0.824105866615863,0.839537142701673,0.853342354013849,0.827503290335457,0.844802443258331,0.860829020967222,0.816580212309292,0.833100906767489,0.848612772444695,-0.513702203516332,-0.390335438727551,-0.270235818195685,-0.643832781612394,-0.487006201290454,-0.3424226907016,-0.604752933136416,-0.468115581495728,-0.332935003656856,12.1123375121031,12.9924665187556,13.9362384996696,11.8114512836679,12.8543424327752,13.9395343827158,11.8919628063056,12.7280681217957,13.4868991571663,4.88583832714142,5.28763821071564,5.68721889086408,5.29077478621809,5.75699411648991,6.21301007270765,4.72677258047044,5.09951026654752,5.48190727909785
5.37705044464998,-2.49328116303752,6.2940501203427,19.4225381177291,20.2893964509527,21.1460569693431,18.5689135198203,19.5818441807363,20.6906566889994,18.9889339253336,19.8188557272334,20.5448809208171,0.82449672934728,0.839582341343205,0.853085540054099,0.827728824764155,0.844778426580986,0.860526274450143,0.817255915559638,0.833428548992489,0.848482096579011,-0.511333879255902,-0.390417036908226,-0.27252004159262,-0.638120338266195,-0.484634390412963,-0.342827694822781,-0.598479389807861,-0.465455715702085,-0.33404438207989,12.1174072898198,12.9873455176253,13.910260429615,11.8290817560507,12.8537440501427,13.9239923807231,11.9101219488215,12.7316122388014,13.4778151438599,4.89189274935219,5.28492077410253,5.67824371505949,5.28530988240699,5.7416801506076,6.19175088431624,4.73953076106368,5.10235296966592,5.47852525121483
5.40815101765289,-2.42627242806672,6.30216579703713,19.4347642113351,20.2865766116694,21.1301549814286,18.607165244427,19.5953702574467,20.681782991734,19.0115956691839,19.8323171172559,20.5543064792999,0.824684315084154,0.839690538405269,0.852876711033963,0.827937035436388,0.844680121680899,0.860162244638356,0.817874622106093,0.833716320494042,0.848559271584635,-0.508639501351124,-0.390209916969988,-0.275809056808635,-0.63247220011438,-0.482288814953922,-0.343148428612908,-0.592463840807402,-0.462745062852398,-0.334476842317843,12.1230599463108,12.9792744326724,13.885353080509,11.8460561426181,12.8522268009438,13.903463384885,11.9235111440158,12.734091927917,13.466407693873,4.8977331375638,5.2817020577967,5.66979927020212,5.27989125082554,5.72613159658455,6.17161474509557,4.74822931712406,5.10664574353424,5.47664880511354
5.43925159065579,-2.35926369309592,6.31028147373157,19.4485639037142,20.2822875299442,21.1115510119592,18.6454169690337,19.6088726666832,20.6716549796202,19.0384926039535,19.8462930742246,20.5567258594541,0.824875224662636,0.839823587422471,0.852630184550269,0.828176751450253,0.84461198130115,0.85982709902901,0.818528439973786,0.833999906717221,0.84853118089039,-0.507272100861204,-0.390216913734017,-0.278083876944691,-0.626824061962564,-0.479675092970332,-0.342047954840183,-0.5864877366119,-0.459921425910945,-0.334710924059395,12.1260786690783,12.9733705948946,13.85462653499,11.8696356531897,12.8541221197529,13.8896976095109,11.9444704918564,12.7393024109191,13.4624419406123,4.90186499010382,5.27936815157232,5.65965330020649,5.27334161586386,5.71166469812475,6.14983244368407,4.76309059261853,5.11048144366741,5.47217416106968
5.4703521636587,-2.29225495812512,6.318397150426,19.4653358880867,20.2783864976618,21.0911300748107,18.6837673599853,19.6253889283849,20.6705156256311,19.0645650561665,19.8580668919211,20.5594662517407,0.825240052324296,0.83988070765712,0.852471764631288,0.828427128188623,0.844579877884636,0.859437198488889,0.819085379231491,0.83432878455341,0.848505996961578,-0.505512439190084,-0.390496995308264,-0.280121045917445,-0.621158564881411,-0.477530607338205,-0.341639818944617,-0.57962640210184,-0.456996806719739,-0.334174056831328,12.1343375902332,12.9665880849436,13.8293069531506,11.8837135095709,12.8502383277574,13.8684989573197,11.9645604136419,12.7410334998711,13.4553600393213,4.90611845402829,5.2757569369651,5.65020870886019,5.26799647636085,5.69568146560397,6.12747669180337,4.77466440477664,5.11412126337721,5.46987543879427
5.50145273666161,-2.22524622315432,6.32651282712044,19.4770209766435,20.2739882278268,21.0713776918664,18.7194234561392,19.6426130225025,20.6672673185948,19.0937369419902,19.8707424260481,20.5626689925794,0.825742060326266,0.839923695403852,0.852366243648173,0.828580789732827,0.844519644115337,0.859100697479322,0.819721664030739,0.834571940473649,0.848501999463237,-0.503841226972933,-0.390580615704264,-0.282137965477589,-0.616029416653639,-0.474732751959669,-0.342394807157248,-0.573365013443964,-0.454212811576437,-0.334319091618571,12.1446984131635,12.9612796640646,13.795363961376,11.9000681661251,12.8508321977664,13.8472992313948,11.9734526709845,12.7442189690224,13.4485271215031,4.90811889598535,5.27217618950921,5.64037554868834,5.26358747203941,5.68074685811435,6.10327607686472,4.78452287341356,5.11806211851592,5.46880942935905
5.53255330966451,-2.15823748818352,6.33462850381487,19.4883437481211,20.2708172468483,21.0535401479086,18.7523295832212,19.6615192441528,20.6563245395425,19.1213542682866,19.8851132002725,20.5674261000479,0.826136390818467,0.839998117653881,0.852131209744666,0.828823816177496,0.84446007973963,0.858742918953355,0.820400962187384,0.834884977073554,0.84860811639469,-0.50113573811777,-0.39077731062129,-0.285118064649014,-0.610469567994753,-0.472062691817716,-0.341684926368784,-0.568162779545592,-0.451362087625704,-0.333167481207008,12.1629432506462,12.9557766917263,13.7741507023309,11.9223987568981,12.8471335811022,13.82509075325,11.9901201699549,12.7440643996855,13.4354122609211,4.91422487722929,5.26889440198333,5.63277360468336,5.25733534327061,5.66571956139579,6.08022492884799,4.79374190169124,5.12252892793405,5.46525660232887
5.56365388266742,-2.09122875321272,6.34274418050931,19.5011712128836,20.2662058879129,21.0334533143001,18.7831263343616,19.6759430539448,20.6495084605707,19.1535809987877,19.8991976061088,20.5729876889461,0.826446815937053,0.840078743029907,0.85197122031281,0.829072452207516,0.844400173874737,0.858357604848537,0.820972270692884,0.835217400302978,0.848756731161439,-0.498835405667565,-0.390854972607728,-0.287191947511556,-0.604228841240472,-0.469699233032321,-0.342711978068355,-0.563345723659933,-0.449015680865745,-0.332642960363021,12.1647552650118,12.947830357253,13.7456640167745,11.9361334575534,12.8459846787963,13.8050538975326,12.0019287153605,12.7499508861214,13.4330344847212,4.91559075994499,5.26600092736826,5.62512270395084,5.25260744001346,5.65015193771917,6.05502531096738,4.80458830983983,5.12567510949435,5.46387277588974
5.59475445567032,-2.02422001824192,6.35085985720374,19.5078164044513,20.2622974126585,21.0161063276684,18.8231125643226,19.6912537657887,20.6449280655712,19.1784471501388,19.9107760329264,20.5786082112804,0.82684967633112,0.840153417856047,0.851812020012892,0.829317424493982,0.844314037281142,0.858051009636857,0.821430518106221,0.835537569889636,0.848737303980323,-0.496343452202171,-0.390807589676357,-0.289602022335385,-0.599156877178128,-0.467144510989482,-0.343033566646799,-0.557692503966768,-0.446802616788088,-0.332171183187002,12.188986003168,12.9382887641595,13.7198858195594,11.9539837245425,12.844550256244,13.7820008371862,12.0111240263384,12.7536043293083,13.4203660003393,4.9231618887335,5.26200524042295,5.61672715879617,5.24526035210681,5.63589921331909,6.03210467834153,4.81209765887235,5.13000112907365,5.46120585094232
5.62585502867323,-1.95721128327112,6.35897553389818,19.5179955336347,20.256952846743,20.9977593724495,18.846505511226,19.7053549175779,20.647911993487,19.2050044924714,19.9234085311375,20.5795140603513,0.827251552579672,0.840248748199446,0.85157502336256,0.829534694130377,0.844267289910033,0.857744414425176,0.822213129971912,0.835863219153944,0.848759257560568,-0.49365300019992,-0.391146980094663,-0.292022298646335,-0.595414326220976,-0.464769630531082,-0.344029283508651,-0.552790548081457,-0.444018795322537,-0.333957447311,12.2001028537422,12.9280541177337,13.7001241901124,11.9672623234811,12.8418784382489,13.7584653188155,12.0287144651431,12.7554613384819,13.4146200994755,4.92319473371023,5.25801645986641,5.60807871241056,5.23697121848679,5.62176619158852,6.01285952668911,4.82161252942091,5.13405465327136,5.45693401689582
5.65695560167614,-1.89020254830032,6.36709121059261,19.5242000406395,20.2565185462924,20.9797798988557,18.8826393156525,19.7189608505155,20.6449825271354,19.2276145876385,19.9340948318049,20.5880025596377,0.82765302450905,0.840317072761901,0.851335862413612,0.82984298711644,0.844203077582776,0.85743498451489,0.822855459748187,0.836172176867701,0.84870818565841,-0.491588302328899,-0.391426372452211,-0.293663111176608,-0.591002046983278,-0.462227939600002,-0.343842572927282,-0.547638185108706,-0.441391462821457,-0.333042762766127,12.2070947854499,12.9212771233662,13.6727603541363,11.9740639577097,12.8401128387314,13.7402023601905,12.0363281724204,12.7585443873747,13.4120982228682,4.92898851199547,5.25430464017082,5.59797732557646,5.23054558269906,5.60825511939326,5.98967071899752,4.83053711065547,5.13798995724351,5.45306340836815
5.68805617467904,-1.82319381332952,6.37520688728705,19.5368241517434,20.251455496344,20.9705909486027,18.914471957798,19.7315191692324,20.6512870198472,19.255954164169,19.9477050582099,20.5924308686306,0.82791604883883,0.840414145727515,0.851179106067105,0.829967209867769,0.844131335058277,0.857009625787583,0.823482314097885,0.836482449286218,0.848901264884834,-0.49095070231224,-0.391716351144564,-0.295693179762963,-0.586472878728867,-0.459734660552332,-0.343825376628492,-0.54269523179271,-0.438650024012499,-0.33288388338458,12.2239696157436,12.914315768196,13.6460816157403,11.9847167989907,12.8374755081013,13.7233962606453,12.050549055017,12.7603436727619,13.3999190304101,4.93132991218827,5.25100033341574,5.58147185705304,5.22651141377222,5.59486917502323,5.96895089977073,4.8394182228362,5.14202175003447,5.4502805306846
5.71915674768195,-1.75618507835872,6.38332256398149,19.5434806030307,20.247579902373,20.9611715575232,18.9464253492594,19.7440499374059,20.6530111420898,19.2767679981161,19.961303171337,20.5953163921754,0.828138666387418,0.840482623459408,0.851109492182724,0.830187856094698,0.844064406114459,0.856789070450492,0.824000787372831,0.836780713477374,0.848782115907309,-0.488905436288869,-0.392027471420759,-0.297724775922441,-0.581603117975986,-0.457286846125727,-0.343577530688299,-0.537055825103654,-0.436353612905252,-0.332447163539998,12.2251928593038,12.9082303005338,13.624319713412,12.0059240373907,12.8368065917533,13.6994387824503,12.0601867822588,12.7610617040563,13.3900713264091,4.93609251547504,5.25004006605272,5.57309835345113,5.218801261456,5.58123050912348,5.94892591558919,4.84968421626947,5.14502572314469,5.44441147149216
5.75025732068485,-1.68917634338792,6.39143824067592,19.5542023006643,20.2442149760747,20.9311083228636,18.9747579393547,19.7603889885965,20.6379341849614,19.2932851525254,19.9750442105276,20.5932158069892,0.828331364716843,0.840540542975178,0.851021350762493,0.830387556858541,0.844006651776531,0.856409844078155,0.824490197729221,0.837127911810651,0.848838832584901,-0.487814681424115,-0.392055899475782,-0.299753951381349,-0.57662141741538,-0.454744851394435,-0.343236467037494,-0.532782061188853,-0.433584402774484,-0.333581185977594,12.2258204211595,12.8987570433885,13.609006691253,12.0216708642551,12.833540340492,13.6712608052756,12.0759530079459,12.7627854433145,13.3889858686531,4.9389112380116,5.24798803032884,5.56178275909362,5.21214787510167,5.56628402363064,5.93019244121104,4.85952873269883,5.14813979276683,5.4428974650362
5.78135789368776,-1.62216760841712,6.39955391737035,19.5477303308005,20.2382484839136,20.9155628778783,19.0045617453041,19.7764074457241,20.6304228273479,19.3188672757581,19.987713472698,20.6098386559938,0.828666017955807,0.840604486117875,0.850883363369746,0.830613786239731,0.843923216636248,0.856109729528799,0.825244805666271,0.837472336530444,0.848988660411881,-0.486891250874218,-0.392170023587324,-0.301972034395759,-0.572993508707375,-0.452284732407353,-0.343875011421919,-0.528591018222561,-0.430651468057498,-0.334703943048473,12.2283583021581,12.8939604857483,13.5963479140739,12.0318367127319,12.8325109796734,13.6518597027528,12.0910243371493,12.7674804790674,13.3881614354136,4.94313220159085,5.24556861637188,5.55660746002194,5.19965636265922,5.55280806983077,5.90974138918572,4.86883353474031,5.15017602114483,5.43766867374382
5.81245846669066,-1.55515887344632,6.40766959406479,19.5510512657945,20.2343716476533,20.9010168082604,19.0388450316244,19.788366821824,20.6245537098244,19.3421415113618,20.0014002353418,20.612239687949,0.828860491290698,0.84065756509426,0.850866405275055,0.830670617184321,0.843853032206623,0.855779353714176,0.825817978844908,0.837745005622173,0.849004769029355,-0.485436677568029,-0.392426687765629,-0.304156132801061,-0.567134819371724,-0.450138293481997,-0.343324188809423,-0.523629022143631,-0.427999858588492,-0.334105461035361,12.235881036128,12.886678254613,13.5807801029914,12.0438060155627,12.8325572255869,13.6355034193869,12.1081164159494,12.7680670023909,13.3826943204899,4.94705743484257,5.24245183188657,5.54888606651848,5.19353961467717,5.53752099244948,5.88679846817472,4.87712612028224,5.15419992793752,5.43887016808169
5.84355903969357,-1.48815013847552,6.41578527075923,19.5638563303876,20.2317317668038,20.8857971940895,19.0696133280992,19.8045963575804,20.6179282126601,19.3573080463759,20.0138943310736,20.628920836782,0.829199157710005,0.84075918953686,0.850861730169354,0.830825984609224,0.843750358817905,0.85526161289298,0.82645321021229,0.838089621595303,0.848992735323319,-0.482793963156855,-0.392488959500367,-0.305929024505004,-0.564259698462482,-0.44837543279948,-0.342629771706363,-0.51973649153108,-0.425511294665923,-0.332249639580831,12.2466826389064,12.8824707939684,13.5653327912078,12.0547660275706,12.83154098704,13.6097569022974,12.1243649991849,12.7684454872668,13.3782788720403,4.95296144756417,5.23949619205554,5.54575332134724,5.18707220742344,5.52514339135957,5.864668158053,4.88184233401394,5.15847098703814,5.44126232782582
5.87465961269648,-1.42114140350472,6.42390094745366,19.5707917080708,20.2266630361038,20.8807424346888,19.1043280483279,19.8206994964575,20.6115624960463,19.3824977760171,20.0290764398166,20.6365972589426,0.829546762989105,0.84088023025463,0.850844569955213,0.830935593447896,0.843687258041532,0.854968006312434,0.826988425166158,0.838437874962265,0.849156527644963,-0.482033030020124,-0.392931336978754,-0.307548137724479,-0.559277603291148,-0.446294402806222,-0.343455077354013,-0.515931320582575,-0.423204221992157,-0.33095734077166,12.2493041041592,12.8765968683959,13.5523769249896,12.0656280374271,12.8304471919866,13.584109801715,12.1401101961834,12.77463382802,13.3815555906415,4.95680611922831,5.23670557674724,5.53430609979668,5.175617172873,5.51067462685921,5.84426383913249,4.89117566140199,5.16138487211207,5.43864441451194
5.90576018569938,-1.35413266853393,6.4320166241481,19.5741635680955,20.2239320897166,20.8567787895268,19.1339781337888,19.8349002483365,20.6048688723233,19.4130431933284,20.0403924628209,20.6461336502938,0.829708398582937,0.841034737271971,0.850842324028233,0.831066796962533,0.84356846339566,0.854647505619675,0.827484212086816,0.838781325062119,0.849216573674301,-0.481183320398394,-0.392709359258328,-0.308515204230022,-0.553566794913147,-0.443968036421028,-0.344497157554056,-0.512277830516813,-0.420773324241192,-0.331151618038446,12.2531175463213,12.8701888764215,13.5251066090662,12.0784933487615,12.8288044020291,13.5694309800561,12.1443472660916,12.7773427637117,13.3806052654614,4.95269014088393,5.23384331842576,5.52405684254121,5.17114460494135,5.49565608857256,5.82394468116842,4.89773878111679,5.16563265106784,5.43900328674768
5.93686075870229,-1.28712393356313,6.44013230084253,19.5850837722784,20.218852657018,20.846056802773,19.1637961874229,19.8511435185909,20.6093923073555,19.428263274773,20.0540504521897,20.6530949450987,0.829829357146857,0.841111132349584,0.850818856137869,0.831209708765891,0.843435755192985,0.854389166901833,0.827994054988437,0.839068988376801,0.849380637242787,-0.479336960472848,-0.39307936052576,-0.309639377767772,-0.548142948696935,-0.441495096128949,-0.343511188527035,-0.508342560477292,-0.41819935443859,-0.328136250120048,12.2592731307927,12.8622337469655,13.5058642561729,12.0922897855571,12.8255352917142,13.5584083159887,12.1619371079279,12.7779386495556,13.3808439538443,4.95762431982083,5.23029202108516,5.51647713987121,5.16325798578601,5.48346789906961,5.80477434754385,4.90591283836836,5.16961794336328,5.43725948341769
5.96796133170519,-1.22011519859233,6.44824797753697,19.5864575496664,20.2111815602777,20.841898551862,19.1940841677031,19.8659680396576,20.6157830792857,19.4615650222005,20.0678250165547,20.6629353513337,0.8299548281111,0.841108281801629,0.850889609565235,0.831194725258157,0.843351481543027,0.85418376437513,0.828519459911433,0.839350361705872,0.849479993098166,-0.478976684813251,-0.393260227339902,-0.310851040880101,-0.543417270412686,-0.438870164302243,-0.342005629884397,-0.503976824565193,-0.415380439523376,-0.327292668126172,12.2603052700233,12.8551509464239,13.4959066590359,12.1066479905186,12.825047282812,13.5498339605422,12.1670552877433,12.7798000702913,13.3784815153026,4.96082387793503,5.22640086695364,5.50913099597252,5.15408017157962,5.46800472965348,5.7865168437009,4.91032432513655,5.17363601326854,5.43543253271778
5.9990619047081,-1.15310646362153,6.4563636542314,19.5966372580566,20.2056297934039,20.8368134992642,19.2236512941361,19.8817333746379,20.6283964795135,19.4770007433927,20.0833262591494,20.6789429622877,0.830131646930212,0.841143397354556,0.85076010604279,0.831364462755646,0.843242546415496,0.853844145191995,0.829038429081112,0.839681907857625,0.849685566433823,-0.478357995512632,-0.392903810496494,-0.311589304580746,-0.538120955940733,-0.436361338397497,-0.340783944952817,-0.500549477492452,-0.412707579565139,-0.326491388923957,12.2556029835059,12.8502862985214,13.4697643581296,12.118418466212,12.8255397748249,13.5381052330431,12.175880670422,12.780904174538,13.3796655097851,4.96715989832957,5.2225408029285,5.50126022047046,5.14808788885642,5.45286675892857,5.7665194724079,4.9167654092818,5.17791152947968,5.43574751318396
6.030162477711,-1.08609772865073,6.46447933092584,19.6003420973331,20.1987163778205,20.8295924234592,19.2543292029393,19.8984513064074,20.6347058252079,19.4972509339056,20.0967512065478,20.6975178445987,0.830621862746122,0.841234069593833,0.850637060718344,0.831469638906448,0.843137119198334,0.853707309353656,0.829493813989638,0.840012037304606,0.849891802141637,-0.479090423135223,-0.393161071297738,-0.313119464924783,-0.533786963379412,-0.433899725883345,-0.33952235047862,-0.496976796191792,-0.410055411124284,-0.324237812103752,12.2483284163824,12.8427925852492,13.4588572547166,12.1263583186402,12.8227989651803,13.5350770591222,12.1800861754364,12.7870083318751,13.3788406445978,4.96617678843177,5.21874173783472,5.49542155881254,5.13840604002942,5.43928889481782,5.7476472566981,4.92452816597071,5.18204289418991,5.43756791174402
6.06126305071391,-1.01908899367993,6.47259500762027,19.6030261904763,20.1940872993631,20.8218631103648,19.2766101369382,19.9123701762409,20.6387826599851,19.5133700710272,20.1075615887352,20.7032438749116,0.830738019550288,0.841336381616151,0.850677238161375,0.831490611891127,0.843022274746025,0.853399481898353,0.829825668054795,0.840319122932661,0.850017851038634,-0.477622127069083,-0.39310692381533,-0.313707554620609,-0.528632135689426,-0.431949405398768,-0.339389674835817,-0.492212144257507,-0.407314682379063,-0.322634365929183,12.2442605660432,12.839053002899,13.4451073549908,12.1466913337665,12.8190305895902,13.514754729016,12.1889318421825,12.7900257202192,13.376589782343,4.96484266558226,5.21549630004163,5.48943057018563,5.13152947717111,5.42427000775463,5.72714219734247,4.92935239066115,5.18555429572818,5.44093837215478
6.09236362371682,-0.952080258709128,6.48071068431471,19.5992270426751,20.1851271950328,20.8141437800058,19.2971504414462,19.9295424785785,20.6495825707809,19.5376007717898,20.1174669482095,20.7207665504556,0.83074680796801,0.841415524322532,0.850702468600274,0.831695247674751,0.842917482361028,0.853193131342236,0.830283372827064,0.840590586906516,0.850192651563284,-0.477975298757129,-0.393214538460044,-0.314234876114635,-0.525068723323513,-0.429541149351461,-0.338340569122024,-0.488237105113703,-0.404314914170184,-0.321230302377244,12.237681707712,12.8332418856589,13.4360974559957,12.1537555744771,12.8177808965483,13.4969587198821,12.2008303510665,12.7923381444443,13.3788968764283,4.95964672579554,5.21421413367792,5.48446769594282,5.12109563622891,5.40831424662663,5.71030907506909,4.93435535919467,5.18869087482815,5.44801518079037
6.12346419671972,-0.885071523738328,6.48882636100914,19.596581594694,20.1795532158157,20.8064520448911,19.3221015850452,19.9421321028516,20.6648524151874,19.547473192634,20.1303256661152,20.7425425883639,0.831121865782968,0.841479569980074,0.850789000854393,0.831674316952707,0.842777927649305,0.853018370244308,0.830593105496642,0.840880789718865,0.850289658139212,-0.477222905033823,-0.393619679489427,-0.314048368503137,-0.520644913800342,-0.427232233704468,-0.337334283948483,-0.485128720983629,-0.401928061341631,-0.319892260437167,12.2307846735003,12.8271632047058,13.4274805276721,12.1577288973519,12.8165057264609,13.488099590537,12.2029661435958,12.7965131644998,13.3828658531084,4.95882605526327,5.21181229137118,5.47686801025038,5.11279204434156,5.39348246738863,5.69112802847031,4.93903570712491,5.1917505881402,5.45219241668816
6.15456476972263,-0.818062788767529,6.49694203770358,19.5954458709597,20.1747389371742,20.7987983766586,19.3477678301458,19.96034131571,20.6790119787152,19.5598433299602,20.1414546038269,20.7577579759212,0.831284484055775,0.841569855295055,0.850876126485733,0.831656486024119,0.842733599693192,0.852829543683652,0.830943287853844,0.841231553112973,0.850591691224183,-0.47691428291799,-0.393961791504211,-0.31530715391877,-0.517318041422378,-0.424643514350248,-0.33694727002624,-0.48209285928207,-0.399095342992393,-0.318505057894093,12.2221299747733,12.8218912096962,13.4205111596367,12.164744520669,12.8156363266958,13.4805591316545,12.2031525536494,12.7980217271292,13.3866092366232,4.95612721102191,5.20851523095596,5.4693179939381,5.10027668528481,5.37853704601561,5.67313261932593,4.94386081367302,5.1963182410452,5.45323939825513
6.18566534272553,-0.751054053796729,6.50505771439801,19.5932118214615,20.1708561970759,20.795344108022,19.3705782132536,19.9753641902314,20.6818047882917,19.5790272314361,20.155509690209,20.7821607613712,0.831358823891374,0.841677234555854,0.850959240355355,0.831695893878898,0.842637153397474,0.852646493170378,0.831192182098622,0.841584199957852,0.850909505599036,-0.476705286050304,-0.394252225531045,-0.315815349433594,-0.513003731537903,-0.422819109451725,-0.337545951422701,-0.479550007695107,-0.39651144285431,-0.317320494364961,12.2171555652987,12.8132763607809,13.4089525586947,12.1756640203608,12.813189336594,13.471045035703,12.2069252938758,12.7984666549661,13.3892543487621,4.95334554936418,5.20503959023707,5.464782044497,5.08783227016179,5.36453092312743,5.65582870914264,4.9487157401346,5.1998499269344,5.45843046819562
6.21676591572844,-0.684045318825929,6.51317339109245,19.5911840383914,20.1668420666181,20.7950791039614,19.3934540473712,19.9912381574664,20.681573091882,19.5943398647567,20.168172964197,20.8006732160436,0.831465358317788,0.84176880102167,0.851039135350601,0.831825795397134,0.84255364225306,0.852463780520025,0.831507144002382,0.841861537845363,0.851111531064742,-0.478053090237556,-0.394587790389298,-0.31544025774079,-0.509653290050548,-0.420193620492314,-0.33761098527546,-0.477634438456486,-0.393775807114064,-0.315264133712574,12.2076676924185,12.8023707050748,13.3983431591191,12.1888316805662,12.8133705185814,13.4642430858564,12.2051161756962,12.7997155763036,13.3941956087101,4.95067858969072,5.2029197197828,5.46077885195804,5.07782231274015,5.34995864915004,5.64166518318477,4.9527183152843,5.20343545757474,5.46230270731693
6.24786648873134,-0.61703658385513,6.52128906778688,19.5829493963589,20.1612301944478,20.7960897259392,19.4168383037822,20.0073848407967,20.6739604243842,19.6117418806639,20.1812099515885,20.8101733223548,0.831565764655647,0.841820288282139,0.851040721621789,0.831830389253584,0.842496081007721,0.852234451792451,0.831836200874022,0.84216307794649,0.851337232990424,-0.478557614896662,-0.394772516788907,-0.315825093337511,-0.50533931102926,-0.41788368398475,-0.336003976978599,-0.475208976780907,-0.391192482762465,-0.312580028604195,12.1998260974344,12.7919243431632,13.389229474671,12.1974958611205,12.8120985885024,13.4557230214322,12.2103898671539,12.8033026037806,13.4021782965457,4.94906682700893,5.20072154415174,5.45983951615907,5.06701718978897,5.33536593093242,5.6215440619294,4.95341486391871,5.20684471378889,5.46675450713346
6.27896706173425,-0.55002784888433,6.52940474448132,19.5752102927827,20.1568259126156,20.7860788599919,19.4420372528817,20.0219550401936,20.6741206554053,19.6286123692337,20.1923418724297,20.8271303874087,0.831669151432843,0.841885672426934,0.851127223308102,0.831779913028637,0.842438382798377,0.852068442212994,0.832367377766517,0.842472313484534,0.851565313656585,-0.479089706175318,-0.395160169973531,-0.315866191149036,-0.500853738145764,-0.415184858102097,-0.334764226389291,-0.473132577293755,-0.388730608217572,-0.309233310406964,12.1910996611548,12.7869542307321,13.3838791929436,12.1979511987812,12.8099372355662,13.4394439856887,12.2135014056283,12.808006748399,13.4100480931156,4.94591009795576,5.1978065071234,5.45618352380508,5.05560451709735,5.31974619207744,5.6026532856993,4.95968208120889,5.21046902684649,5.47294160361989
6.31006763473716,-0.483019113913531,6.53752042117575,19.5726522206892,20.15228178504,20.7805598814849,19.466026541537,20.0424372129774,20.677233388965,19.6396991629563,20.2041979143902,20.8354453539058,0.831822829425493,0.841939875175597,0.851216148229551,0.831807503244404,0.842360136458354,0.851862739806553,0.832598975223644,0.842858293154349,0.851837387923462,-0.479946669495996,-0.395274820577027,-0.31553060146,-0.497821191245792,-0.412620909261224,-0.332120414006828,-0.470678052588105,-0.385969323467658,-0.307092526850756,12.1787533229862,12.7797877380077,13.3812293907397,12.1987776843093,12.8058799163335,13.433115217925,12.215658427195,12.8102776161526,13.4178668498916,4.94453879140386,5.19523820056702,5.45419535497414,5.04202662811789,5.30467586571825,5.58530195947691,4.96509430462451,5.21421267786981,5.47806272933398
6.34116820774006,-0.416010378942731,6.54563609787019,19.5595146720328,20.144962204559,20.7828306983578,19.4899359427965,20.0573038616371,20.6935272055735,19.6517386711142,20.2186518866138,20.8455497867231,0.832047192714695,0.842021371766943,0.851282831482782,0.831865716324251,0.842294398122047,0.851707657659712,0.832745867309159,0.843200537605024,0.852129348662048,-0.481743331620987,-0.395747921041793,-0.314843580640876,-0.494433948846297,-0.410215994335733,-0.331048869233729,-0.467671483649299,-0.383372485221346,-0.303357473503022,12.1680778527267,12.7752107305214,13.3733721923086,12.2060813793225,12.8065473392399,13.4270018306552,12.2229031690013,12.811421007567,13.4293979132428,4.94333306796907,5.19139117593742,5.45191324816691,5.02930263687244,5.29091858619334,5.56723652244393,4.96619523024147,5.21806450836206,5.48357721796116
6.37226878074297,-0.349001643971932,6.55375177456462,19.5544812041621,20.1393105959479,20.7781569470819,19.5072124165427,20.0743851070368,20.7079456599659,19.6558022490623,20.2312995168148,20.8616923147048,0.832106983246329,0.842110975814772,0.851474759827097,0.831937472577046,0.842211846619989,0.851550523588162,0.832945724108934,0.843473258569746,0.852423652490958,-0.482154073766646,-0.396167201248862,-0.314138883157079,-0.490535437888753,-0.407856301403392,-0.329331805404149,-0.465776015827637,-0.38113779693415,-0.299336030425874,12.1538502998915,12.7664871027785,13.3643247808611,12.2038754725157,12.8045201622596,13.413326869662,12.2242515443762,12.8138861419133,13.4364599543327,4.93874590756317,5.18986747920426,5.44949410648999,5.01916530734898,5.27701277472477,5.54953834014309,4.96406252125654,5.22345554263939,5.48976893544586
6.40336935374587,-0.281992909001132,6.56186745125906,19.5491366514456,20.1350319952115,20.7790583522115,19.5179862302297,20.092718895975,20.728930963699,19.662596787475,20.2422013180723,20.8778348426865,0.832208856701419,0.842164696825089,0.851698158289743,0.831831343962801,0.842115336410751,0.851345998094819,0.833152423130632,0.843793152449202,0.852959203327175,-0.482615939311398,-0.396562022910106,-0.313974647625796,-0.488583724044449,-0.405273970290431,-0.326909641497724,-0.464785603116824,-0.378690198001453,-0.29577019980995,12.1365274439386,12.7635695702573,13.3656219194144,12.2007326536645,12.8048695664965,13.4069241504158,12.2270276876883,12.8157025269613,13.446351156205,4.93358530247315,5.18855608346417,5.44865054444385,5.0088451730635,5.26325725547521,5.53099461566671,4.96830063423361,5.22752323742498,5.5000510318589
6.43446992674878,-0.214984174030333,6.56998312795349,19.5301999000984,20.1299611042464,20.7777119083226,19.5379512055301,20.1077588986865,20.7366599815608,19.6690117663074,20.2564722534306,20.8939773706682,0.832165832505771,0.842259869772453,0.851826604381012,0.831790349067007,0.84203164095999,0.851257273364056,0.833397319533237,0.844138741260166,0.853483172070561,-0.482892576601163,-0.396936593205382,-0.313632103714624,-0.484006920011903,-0.402399508529523,-0.324346444020869,-0.462783585603782,-0.376213965625116,-0.291146493287259,12.1183220360108,12.7542498015584,13.3643406814896,12.1987038538301,12.8047976335289,13.4044129039232,12.2253567225212,12.819808467965,13.4593316119227,4.92766840088904,5.18401996187688,5.447656528333,4.99573281785988,5.24871422194484,5.51414916127161,4.96633112362427,5.23062915331274,5.50622458837177
6.46557049975168,-0.147975439059533,6.57809880464793,19.5255846015997,20.127452142384,20.7800875329466,19.5494382102596,20.1244676469883,20.7525779331603,19.6763174565364,20.2711130004084,20.9118605535205,0.832108442286887,0.842317515944165,0.852110709738672,0.831714282216745,0.841933896304652,0.851207084185032,0.833478922656951,0.844403516486971,0.854022984204892,-0.483320953501281,-0.397101682238538,-0.312008239666681,-0.481501343660673,-0.400110782284985,-0.32245300559318,-0.46247344243067,-0.37384825303717,-0.287674010894532,12.1007972690673,12.7467494319436,13.3645486774171,12.2080656518227,12.8030945488948,13.4012589178602,12.2225507000774,12.8212902811199,13.4700345748582,4.92158359651082,5.17980882708106,5.44445519261525,4.98259769974163,5.23455882321763,5.49647989963931,4.96830206216239,5.23464850406551,5.51413880829049
6.49667107275459,-0.0809667040887336,6.58621448134236,19.510985010205,20.1233411288376,20.776116851857,19.5691002757617,20.1433884276252,20.7672659072087,19.685100698628,20.2849060015525,20.9282177819425,0.832056609222641,0.842412719597474,0.852307394926813,0.831610682025164,0.841816655593906,0.851153641670331,0.833667396657799,0.844744681515346,0.854465796060596,-0.486874752339381,-0.397345923541026,-0.310754226922389,-0.480317338352612,-0.397704948042122,-0.319404341192088,-0.459985494358976,-0.371162430856727,-0.284679479384148,12.0900692241435,12.7435725219676,13.3579083051162,12.2196310203716,12.7986844675817,13.3987991019226,12.2208046791189,12.8215802484006,13.4772605832734,4.91551552386834,5.17640966730438,5.44103554663535,4.967233741111,5.21974672993753,5.47993654752407,4.97033268326688,5.23863846880246,5.52545119232245
6.5277716457575,-0.0139579691179339,6.5943301580368,19.5020449918166,20.1172928188494,20.7652592504067,19.5854124189111,20.1602946691881,20.7894716086301,19.7009917711363,20.3000509824463,20.9438981794277,0.832006350192161,0.842467706159292,0.852677984461913,0.831479647049753,0.841791039407428,0.851058956399614,0.833729622140751,0.845068263335987,0.855016648064706,-0.488156028884719,-0.397111156889244,-0.308988795014496,-0.478650103193414,-0.395143052689776,-0.316785676863113,-0.458309441230209,-0.368963718239908,-0.280258321999737,12.0618874101859,12.7338071615991,13.3643222293271,12.2042071130137,12.8000598727018,13.3926618139208,12.2145014477282,12.8259748086067,13.4876258240955,4.90939335547413,5.1734468675295,5.43990550110966,4.95433108590016,5.20470234434489,5.46331816880583,4.97347227856726,5.24296787412883,5.5317178139806
6.5588722187604,0.0530507658528654,6.60244583473123,19.4911061666716,20.1134705053445,20.7532077246498,19.6038864008086,20.1775313759091,20.8057148921607,19.7025145508272,20.3124559013915,20.9601732552123,0.832062658632904,0.842537183553509,0.852971505906738,0.831402324304521,0.841722729593742,0.850974892225764,0.834050220477667,0.845386053778345,0.855463298663081,-0.490351117901581,-0.397711433230131,-0.308204845370245,-0.476743664655886,-0.392465650326494,-0.3128909050596,-0.457501522060789,-0.366302352818335,-0.275815194646794,12.0441578068459,12.7277627106475,13.3696944531419,12.2002716163587,12.800025006795,13.3929440440144,12.2143685103068,12.8282076266692,13.5023175156857,4.90336215840639,5.17079250230809,5.43961593817328,4.9430577936906,5.18992812416845,5.44659568483124,4.9767264972875,5.24560624897117,5.53878681810438
6.58997279176331,0.120059500823665,6.61056151142567,19.4663037252811,20.1111928929663,20.7695105540764,19.6167347661154,20.195141792597,20.8158016456731,19.7162795554396,20.3268976451924,20.9813257020029,0.831916710352775,0.842617873259468,0.853266317585271,0.831198141116052,0.841606947764425,0.850914674457587,0.834085369026661,0.845672980197131,0.85586541501974,-0.491976571680723,-0.397389226709966,-0.30395342344131,-0.47470017193413,-0.389988788501781,-0.309431379780584,-0.457286276965439,-0.363174347541216,-0.272955950223922,12.02956059702,12.7197666271245,13.3703111223354,12.1922915362518,12.8014286717092,13.3902273637953,12.209377016423,12.833708421608,13.5090938605393,4.89840810466213,5.16824671642935,5.43972012641616,4.92521769327959,5.17522362132179,5.430037440283,4.97833871449353,5.24903041194681,5.54297647146334
6.62107336476621,0.187068235794465,6.61867718812011,19.4464803988966,20.104568959382,20.7786633265543,19.6254357869928,20.2107762667032,20.8412301267928,19.7175752959583,20.3408024793647,21.0073348273174,0.831849276965658,0.842676667405727,0.853368413597456,0.831197096892915,0.841547369763707,0.850802339125477,0.834103278407465,0.846044084470995,0.85629106960472,-0.492945356966282,-0.397841524928794,-0.302181445154156,-0.47336965372992,-0.387996886470398,-0.307274667634903,-0.456532756855188,-0.361009530017174,-0.269165901532138,12.0005266349605,12.7108810949631,13.3725707997045,12.1927590657815,12.8030926159281,13.3964974566837,12.2043725705496,12.8318409649235,13.526792036507,4.89178179425075,5.16488176470124,5.44061769149027,4.91638314870555,5.16137407775493,5.419242592239,4.97828418958995,5.25310390583934,5.54856283156146
6.65217393776912,0.254076970765264,6.62679286481454,19.4226685575867,20.0984170468984,20.780515005381,19.6240749045604,20.2260457758388,20.8592360282373,19.7252742987056,20.3529151067675,21.021821785453,0.831884187551236,0.842732180034949,0.853630741736947,0.830989664037862,0.841505599649447,0.850817165271021,0.834066383994609,0.846330745914962,0.856847455650965,-0.495079564625328,-0.398451815076818,-0.298769227634963,-0.470924251158044,-0.385468156443755,-0.30384451676638,-0.45494487423335,-0.358268074459542,-0.26535804151709,11.9741944102057,12.7038481173261,13.387903917718,12.1901799776843,12.7990731640619,13.4070025908309,12.1930453324079,12.8366940083932,13.5374425033935,4.88509602068091,5.16224559629227,5.43978015675987,4.90045229144865,5.14714445628345,5.4060674845062,4.98091003588132,5.2578950065959,5.55650828033475
6.68327451077202,0.321085705736064,6.63490854150898,19.3992497054333,20.0912584338887,20.7919472738276,19.6345460215695,20.2393752010341,20.8773032078145,19.7282680687821,20.3636117819487,21.0396331032281,0.831808070244442,0.842818443564962,0.853987733721971,0.830649577261566,0.841420021870443,0.850790062828523,0.834186554676465,0.846655843280932,0.857403055867667,-0.496988547175431,-0.398620499803754,-0.296786718832083,-0.468473255215286,-0.383114699088129,-0.299166554229261,-0.455244794955693,-0.355803825295258,-0.260507959474497,11.9437304045669,12.6963140381961,13.4003116840432,12.1880988807122,12.7980804251603,13.4162644113661,12.1803239406622,12.8394753651751,13.548211602999,4.87876995198608,5.16029247385771,5.43900927474781,4.88370999293419,5.13224899608165,5.39109959199238,4.97707061151531,5.26301111514334,5.56522993350883
6.71437508377493,0.388094440706864,6.64302421820341,19.3853284305314,20.0861210413517,20.7957752261543,19.6410322975051,20.2545700697987,20.8997948951965,19.7368405672542,20.3795254938719,21.0640871939669,0.83166143498345,0.842880311200734,0.85421818810788,0.830281154350556,0.841357303700536,0.850829499544416,0.834230197980107,0.846991055223609,0.857926077829344,-0.499300918243254,-0.398683981212342,-0.294460481901162,-0.466113192752393,-0.381106059982507,-0.29604027946252,-0.454680667392557,-0.353194585611173,-0.255664498481413,11.9186199864782,12.689485542455,13.41040391914,12.1745118937061,12.7964863291075,13.4284898547437,12.1717673907865,12.8393565087737,13.5625034199635,4.87193848610137,5.1579200716522,5.43852017528898,4.86707594672706,5.11612641401268,5.37656864296303,4.97458477353491,5.26654424309102,5.57485155273498
6.74547565677784,0.455103175677663,6.65113989489785,19.3669658919986,20.0786043920723,20.8030021455735,19.6486838188327,20.2707053735469,20.9283459631557,19.7438326726272,20.3951740521443,21.0861456088273,0.831644183748581,0.842964786712694,0.854359712124628,0.830129125293915,0.841257703351792,0.850762879900716,0.834471630398827,0.847366787305127,0.858533828095951,-0.501000455871242,-0.399103693842677,-0.291849679768208,-0.463360762299375,-0.378591873022919,-0.291808304363292,-0.454877884239678,-0.350936405462779,-0.250817056783894,11.893495626525,12.6814849371289,13.4208821844575,12.1667018497163,12.7953293350931,13.434526295851,12.1691635253763,12.8403619496529,13.5783479019013,4.86691342478001,5.1551117393264,5.44179879175076,4.85145248235622,5.10330066961956,5.36500694018143,4.97012265731139,5.27025165788634,5.58431651912213
6.77657622978074,0.522111910648463,6.65925557159228,19.3416796813926,20.0777415253549,20.8107887364642,19.6527376194056,20.2851598041047,20.9383684509424,19.7481839620416,20.4111305638675,21.10986908448,0.831654453567094,0.843073875681373,0.854829930403622,0.829909469426876,0.841155347517508,0.850809166528059,0.834720897465685,0.847656247241132,0.859007692886973,-0.502691407024248,-0.398770381401135,-0.291822046840416,-0.462206065346077,-0.376332263607687,-0.287674297825405,-0.453160756880872,-0.348038894634564,-0.246607745510956,11.8728089687626,12.6732416322139,13.4302942680433,12.1524955499756,12.7931733215572,13.4376703758792,12.1571934400406,12.8418548277266,13.5984445910725,4.85541439050769,5.15284472944992,5.44125174617008,4.83378073776302,5.08849039377773,5.353423683514,4.96480809271856,5.27439531205447,5.59426284861293
6.80767680278365,0.589120645619262,6.66737124828672,19.3268479252153,20.0743302445145,20.8083326709946,19.6553782540839,20.3050909466941,20.9631990862886,19.7523941542418,20.4267451622437,21.1341207580895,0.831539647786938,0.843179397467664,0.854944842199413,0.829597592846752,0.841069514387328,0.850932076306761,0.834729768825543,0.847981501671026,0.859441189455923,-0.50518895178371,-0.398253696953062,-0.289249696185936,-0.461401983923767,-0.373979958148844,-0.283594077856736,-0.452439221896945,-0.345166443878882,-0.241134708055252,11.8505753970441,12.6654182755387,13.4402240722726,12.1384754033868,12.7919205200067,13.4334889879251,12.1590643761752,12.8428765675315,13.6199237003934,4.84765864687783,5.14976194433778,5.44212356410952,4.8162526259875,5.07526264055124,5.34460441959824,4.96433706714854,5.27756834414321,5.60582439959884
6.83877737578655,0.656129380590062,6.67548692498115,19.3071628789245,20.0709738090832,20.8201081191737,19.6594452929793,20.3248351766031,20.9807216599062,19.7531061895707,20.4378954138685,21.1609917986095,0.831432181749852,0.843240236664713,0.855143081718208,0.829430814354989,0.84096558523904,0.85100832174643,0.834805822675196,0.848320685987068,0.860026753531619,-0.507590213601463,-0.398112828951819,-0.287805301421821,-0.460496460188518,-0.371597935272984,-0.279480406358202,-0.452947321974395,-0.342862695974224,-0.235978109646687,11.8274303895273,12.6582219433285,13.4502536951699,12.1244696553501,12.7916265835829,13.4439211147942,12.1560968380032,12.8454681791851,13.6380390129405,4.83697501136536,5.14734833854246,5.44814526325209,4.79727928181367,5.06105160568913,5.33258322624324,4.9630695232043,5.28121615536956,5.61578690752184
6.86987794878946,0.723138115560861,6.68360260167559,19.2809184930922,20.0679398968827,20.8215313248462,19.6581388204757,20.3415130857084,21.0051924265249,19.7520165387753,20.4492677676894,21.1905840360197,0.831265257845005,0.843327403613976,0.85535407010287,0.829211940760998,0.840910176875696,0.85112421591497,0.83489476724541,0.848618466862162,0.860507111835661,-0.508869352741918,-0.398383611294645,-0.285536483612705,-0.459370761897687,-0.369020339175028,-0.275724261371721,-0.452259921501495,-0.340348609750658,-0.23143574390546,11.8053281250168,12.6514710009205,13.4602372637005,12.1055642339941,12.7916913033384,13.4533573798889,12.1524989980449,12.8483086564797,13.6576025181723,4.82625137430975,5.14401449163093,5.45191458092217,4.77677093645665,5.04808072116895,5.31871524479633,4.96106674046902,5.28551135429863,5.62510431879239
6.90097852179236,0.790146850531661,6.69171827837002,19.2522745622854,20.063852817855,20.82268190122,19.656211927073,20.3582916798779,21.019321770066,19.751373337069,20.4622937219502,21.2208310608503,0.831132699428447,0.843376828561147,0.855649006414823,0.82889026627734,0.840858073750218,0.851238630583578,0.834871924849014,0.848945782727292,0.861114593240528,-0.512098537880908,-0.398592813014757,-0.283119018965177,-0.459236410519568,-0.366894874238316,-0.27172909863483,-0.453966082266301,-0.338044203549523,-0.225745324946207,11.7799563092968,12.6445234259245,13.4716079798747,12.0944629355376,12.791461268187,13.4550985910919,12.1506076803534,12.8486339475703,13.6791162261522,4.81512010576146,5.14040540279059,5.45489130878826,4.75847201856481,5.03439461829283,5.3095189222279,4.95922105499643,5.28861932367025,5.63667613538088
6.93207909479527,0.85715558550246,6.69983395506446,19.2288181189014,20.0618562800851,20.827258241049,19.6562428609368,20.3695916861368,21.0526495057227,19.7499648038857,20.4753425208251,21.2480589324875,0.830970718967815,0.843422030178643,0.855819535487302,0.828701361998254,0.840788681890082,0.851252423408118,0.834852807808746,0.849199200462453,0.861591169083695,-0.512882593537587,-0.398842036246604,-0.280116631276636,-0.459304559969486,-0.364429169493511,-0.267456417804744,-0.454198711740581,-0.335123432325473,-0.220865087636182,11.7536239383717,12.6389123859127,13.4812021215556,12.0796937341558,12.7927515198533,13.4740588684852,12.1362767033196,12.8506090041701,13.7005646169616,4.80294375552642,5.13745360602221,5.45849034782257,4.73544985215782,5.0201727431915,5.29553973089294,4.95677158011608,5.29209705132267,5.6460511739401
6.96317966779818,0.92416432047326,6.70794963175889,19.2065272965448,20.0562506522344,20.8395843107543,19.6567828216273,20.3845679692073,21.080209529811,19.755053281514,20.4875993498536,21.2704729402908,0.830730184108364,0.843499992306309,0.856185754672488,0.828446427025289,0.840699053918978,0.851332016417747,0.835062795294456,0.849460443372506,0.862240955820236,-0.516662685420843,-0.398913419029299,-0.277694421018847,-0.457387109049626,-0.361940114499773,-0.263679971710963,-0.454894229822851,-0.332692744714197,-0.215832620791848,11.7361293684843,12.6324255101925,13.495648388242,12.0643236305585,12.7894306234379,13.4895375486012,12.1203718398033,12.8518462251166,13.722013007771,4.79078411213013,5.13430238468651,5.46575864803432,4.71635939595047,5.00507181752363,5.28392150690487,4.9553505855134,5.29511020953268,5.65625281460827
6.99428024080108,0.99117305544406,6.71606530845333,19.1843245538197,20.0519391811314,20.853467299315,19.6643179646105,20.3997381096116,21.1048277599366,19.760205145443,20.4990146131662,21.296119124489,0.830695546666454,0.843592472015111,0.856534330007214,0.828071868237,0.840598174917519,0.851581874589402,0.834980898045131,0.849776383737505,0.862869180474847,-0.51900337624504,-0.399237865565633,-0.274991207820675,-0.457271843298085,-0.359368621349819,-0.259338919548933,-0.457324770714552,-0.330098558012256,-0.210796622519995,11.7159006390697,12.6256730438089,13.509236812312,12.0484868272482,12.7859541871518,13.4941333818373,12.1163383417357,12.8534202421443,13.7421876029439,4.77873433980389,5.1320910707685,5.46870029295018,4.69572286469185,4.99153478103775,5.27261814418453,4.95227892356887,5.29892181069598,5.66378849022031
7.02538081380399,1.05818179041486,6.72418098514776,19.1582780157554,20.0492352498764,20.8638256433751,19.6625472556357,20.4162302692223,21.1276453496572,19.7652495496722,20.5122112455315,21.3216743229875,0.830394830147136,0.843665091142129,0.856878580484655,0.827870848200835,0.840458618851123,0.85174243338354,0.834951528041391,0.850093648981753,0.863496752959675,-0.522041287985176,-0.399241849136647,-0.2723146870824,-0.456600888036373,-0.357273450643139,-0.25536900976735,-0.45817780492079,-0.32804044363067,-0.205754004103122,11.6945203053049,12.6180771067354,13.5206228131984,12.0265006907009,12.7841479606549,13.5053475294672,12.1133021739209,12.8571181420978,13.7440662748846,4.7688999624108,5.12777651834807,5.47187163037463,4.67510493301466,4.97641469889491,5.26332467419826,4.94956935362305,5.30355321670017,5.67261987659359
7.05648138680689,1.12519052538566,6.7322966618422,19.1330189320362,20.0448080664962,20.8772046913238,19.6593216465681,20.4318991378256,21.1551489441212,19.76251264977,20.5260498863737,21.3424039205916,0.830286078084586,0.843721439294986,0.857253111954195,0.827489952455335,0.840392000217881,0.85186275128969,0.834967855222785,0.85039654135536,0.864070325432957,-0.524817832399424,-0.399631704512118,-0.269638166344125,-0.455779271892797,-0.354388241893298,-0.251115556999232,-0.458942371642844,-0.325065059732742,-0.200273618275846,11.6723102672458,12.6093072199363,13.5348292064002,12.0105494722918,12.7838013735951,13.5131439976883,12.1100600593262,12.8621489654474,13.7622102998608,4.76007156335962,5.12480313156865,5.47117650474575,4.656362074268,4.96080014524044,5.2555957217587,4.94763230507474,5.30746983691106,5.68174689520342
7.0875819598098,1.19219926035646,6.74041233853663,19.1101181917654,20.0404088679891,20.8891289579856,19.6590940460012,20.4474223020779,21.1808888825914,19.7636368332302,20.5383337098862,21.3728860879893,0.830077368292036,0.843760403310136,0.857700452677154,0.827191379241482,0.84030482295847,0.851987716728007,0.834745293038225,0.850652219825404,0.864664483866891,-0.526964314746162,-0.39998700845205,-0.267528945223239,-0.456035106230132,-0.352313961783462,-0.246620232072006,-0.45877886695381,-0.322701933821525,-0.195170523892732,11.6499054682831,12.601851819027,13.5482626308737,11.9968816949649,12.7811126619722,13.5277316741985,12.1073774001869,12.863676082865,13.7738983480303,4.75094532972509,5.12061277149213,5.47483166508097,4.63299714300597,4.94693882071423,5.25050832241126,4.94369249496034,5.31180912673891,5.69263193173893
7.1186825328127,1.25920799532726,6.74852801523107,19.0847545076516,20.0358622772493,20.8959758287307,19.6553138497209,20.4615425579569,21.214043585813,19.7627560993398,20.5510358473452,21.4040192309108,0.829817323123012,0.843819628324666,0.858147793400112,0.826984703796059,0.840181655117576,0.852108029632613,0.83478132761765,0.850956045790324,0.86530375982946,-0.529731411811566,-0.400332936114527,-0.266169441244996,-0.456192485943639,-0.349663961207994,-0.241430391641815,-0.459730601597791,-0.320292274239718,-0.189609198482813,11.6273799151671,12.5955469797745,13.5678779569452,11.9799628043449,12.7767628769755,13.5420040474933,12.087946558539,12.8690567608074,13.796934269369,4.73945803189632,5.11757111271927,5.47759283306154,4.61577142376175,4.93199237718555,5.24374895556996,4.94046235065159,5.31641490713494,5.70291442414365
7.14978310581561,1.32621673029806,6.7566436919255,19.0644460243139,20.0334626944677,20.9169055669518,19.6540776498962,20.4763859833536,21.2507520595289,19.7656237098303,20.5638525618833,21.433735676655,0.829667604720882,0.843887564809645,0.858601901365614,0.826585872087262,0.840091254158775,0.852169260602486,0.834869582426063,0.851230996205898,0.865894783412124,-0.531914934225314,-0.400372153902252,-0.263604115347534,-0.454648499141806,-0.34783216400923,-0.237049132055273,-0.460690620116121,-0.3181989867295,-0.18478807510968,11.6053866033533,12.591644088856,13.5805549134441,11.9694467874229,12.7771871740449,13.5455418946093,12.0829125934773,12.8736708124355,13.8197193751958,4.72838378478062,5.11460656220668,5.48565232790876,4.5985243049858,4.9172721597433,5.23182695551599,4.93577208497356,5.32035335554878,5.71189347561795
7.18088367881852,1.39322546526886,6.76475936861994,19.0382967361471,20.0306342460004,20.9208311762752,19.6543567244972,20.4916604888053,21.2818563694675,19.7734942185492,20.5753548192114,21.4524974973845,0.829585504498238,0.844009007976562,0.859033286713974,0.826280893794488,0.839999694286027,0.852333735100784,0.834797284607584,0.851572756059782,0.866635746486219,-0.534251874840019,-0.400537625336989,-0.259924311698314,-0.455883209208701,-0.345635632235612,-0.232139112301305,-0.459270118249928,-0.315462189632609,-0.18053060029531,11.5827897174787,12.582371429641,13.5905981732262,11.950237119744,12.7792419561077,13.5528954534317,12.0780638602626,12.8774155993186,13.8428678065703,4.71877318955293,5.11037124022255,5.49198734810533,4.58066644829704,4.90282614948497,5.22139590226812,4.93114309640313,5.32434958090242,5.72567111214211
7.21198425182142,1.46023420023966,6.77287504531437,19.0235043218188,20.0260295927777,20.9322485970416,19.6544037038123,20.50983224577,21.3117326802068,19.7750024781234,20.5885984134507,21.4757213241492,0.829367017457838,0.844087545204679,0.859455552312949,0.825975915501713,0.839915823301301,0.852627197987464,0.834720653909639,0.85191900223925,0.867295280334122,-0.537323731550894,-0.400971615669606,-0.257927274885565,-0.455753505951633,-0.343165527609375,-0.226536207275855,-0.459962136371248,-0.313092640982917,-0.175914039159292,11.560192831604,12.5755761484838,13.6007731543322,11.9237747269059,12.7778959336887,13.5772824686415,12.0682006155538,12.8799287623177,13.866208456168,4.70611650534426,5.10802336125436,5.49455623568232,4.563106584512,4.88894034189552,5.21374106146184,4.92679890671833,5.32914847415197,5.74065277574018
7.24308482482433,1.52724293521046,6.78099072200881,19.0033605366452,20.0204553579773,20.9493142080364,19.6577678018423,20.5278604851,21.3535727529943,19.7749715511796,20.6009672194677,21.5047387530716,0.82925612582392,0.844158245229339,0.859850707927572,0.825623141979201,0.839849646075685,0.85285721564502,0.834643298441979,0.852226955000798,0.868015619174472,-0.5398015502705,-0.401285968323355,-0.253966207727729,-0.455738017194785,-0.341136648804036,-0.220963087981391,-0.460550819169178,-0.310522510924866,-0.170630558471216,11.5376428458003,12.567694086463,13.6110496714237,11.9009487882981,12.7769738506363,13.5922267716766,12.059889252646,12.8845432289123,13.88426269719,4.69718952949794,5.10591356972452,5.49948343161935,4.53834860726294,4.87435631404357,5.20521690059282,4.92175830605278,5.33369024213342,5.75471687552318
7.27418539782723,1.59425167018126,6.78910639870324,18.9842960015491,20.0143495204407,20.9630412150499,19.6585312561863,20.5453903078086,21.3892199124867,19.7752184367736,20.6120935203819,21.532270134155,0.829061137046459,0.844252079841353,0.860242258551952,0.825183764756541,0.839735824677594,0.853104890272898,0.834617969578904,0.85252773349557,0.868646321784996,-0.543354587932007,-0.401574231939757,-0.250703440615894,-0.455666658573456,-0.338761035812726,-0.215843048896895,-0.460409342311353,-0.307653593143732,-0.164779592843544,11.509496128772,12.5626885719741,13.621062710617,11.8792626124207,12.7755710239438,13.6070170317965,12.0499796435079,12.8884562969576,13.9116924187323,4.68565442279646,5.10280561563751,5.50355217465361,4.51897853051945,4.85927719385857,5.19494957654292,4.91550481456154,5.33712785730581,5.76561995931677
7.30528597083014,1.66126040515206,6.79722207539768,18.9599360966221,20.0085059791468,20.9741968088011,19.6472394435172,20.564879142168,21.4280294334779,19.777401535061,20.6261518640838,21.5543628243543,0.82890592189454,0.844340493658916,0.860514251830345,0.824831798491531,0.839637363869922,0.853256939052014,0.834508509057936,0.852863891454747,0.869448740768208,-0.546593234236693,-0.401820068270526,-0.249231875166862,-0.455623616609088,-0.336917670694214,-0.209782864518876,-0.460508747358237,-0.30464102230779,-0.158543323925552,11.4661521072711,12.5554877851412,13.6350417507442,11.8554567403593,12.7710525402046,13.6223086509225,12.034609005737,12.8920549470326,13.9334320762,4.67567793846749,5.09913652182917,5.50964880591719,4.49424779508647,4.84438655824262,5.19108999553971,4.90937638911503,5.34294107810831,5.77758941429101
7.33638654383304,1.72826914012285,6.80533775209211,18.9306180316862,20.0035292187509,20.9924961475584,19.6403345852414,20.5806428244232,21.4635446855159,19.7841370150335,20.638331078659,21.5821571995803,0.828688089008566,0.844398547979861,0.860883713037344,0.824541194447967,0.83949733272995,0.853353277682539,0.83440667817949,0.853173106468993,0.870071831744386,-0.54771723123157,-0.401820123947907,-0.246664058082479,-0.455493293913161,-0.334879313585063,-0.204160607778892,-0.461337433257233,-0.302177955563613,-0.152498827443517,11.4353298310665,12.5490785379998,13.6419153877921,11.8296316023884,12.7694850712772,13.6331190886985,12.0190043004449,12.8957059918817,13.9469253431496,4.66491672176456,5.09529637013812,5.51424125559235,4.47241166725287,4.83026495842609,5.18473669943639,4.9058598964677,5.34746641259277,5.79198178217548
7.36748711683595,1.79527787509365,6.81345342878655,18.9006442294417,19.9993719530915,21.0074628391339,19.6417860448907,20.5939017270538,21.4990923079088,19.7885975015898,20.6484286357094,21.6189749355468,0.828548824475122,0.844498629325349,0.861198618770856,0.824050579556663,0.839370124565049,0.853636620214231,0.834327152283569,0.853499990575172,0.870678633601519,-0.550223051409076,-0.401984779542661,-0.242856212011526,-0.454881870804669,-0.332842117139744,-0.198442628154177,-0.462360339628828,-0.299628058977839,-0.145192919509523,11.4120657498999,12.541523000029,13.6514285887902,11.8038101708601,12.7688818985719,13.6527284888062,12.0097132173075,12.9000341861952,13.9602803066625,4.65526451921278,5.09130098342143,5.51616792842377,4.45162828844648,4.81657180732178,5.17614188272105,4.90142287717954,5.35067718307036,5.8020651252051
7.39858768983886,1.86228661006445,6.82156910548098,18.8751890486494,19.9956737319411,21.0250109023282,19.643627194734,20.6106047624318,21.5348202481801,19.7889996402547,20.6638689603095,21.6406597758728,0.82845767343225,0.844567029105858,0.861576433716655,0.823562793734622,0.839281475840379,0.853863533536429,0.834251149912552,0.853796711568085,0.871378723455074,-0.553769793092547,-0.402311154661373,-0.239805436227457,-0.455331454082885,-0.330340096628664,-0.192482984533602,-0.463287959886782,-0.297022676571336,-0.140229205530049,11.3885151476068,12.5323066605012,13.6662885518761,11.7783787780099,12.7681847267262,13.6739112418387,11.996993773874,12.9017478584193,13.9737541298081,4.64304876197779,5.08820172196414,5.52615678094163,4.42913421505424,4.80151951394037,5.17201344127086,4.89552142080525,5.35423205702334,5.81182587432096
7.42968826284176,1.92929534503525,6.82968478217542,18.8500973200873,19.9894392455036,21.0424489410417,19.6357624309632,20.6262242970746,21.5704096765997,19.7871344304352,20.6765696411677,21.6777245254355,0.828252607656001,0.844626753280002,0.861934660109694,0.823291753430374,0.839217845131968,0.854090920892913,0.834192458810954,0.854157520911015,0.872126769199816,-0.556843420458521,-0.402484959066613,-0.237174625848031,-0.45512560474184,-0.32757536434327,-0.186890878115169,-0.463702101505158,-0.294779881519883,-0.134081224359858,11.3522057688218,12.5255178180703,13.6854492957051,11.7595982374421,12.7666988769052,13.6951046368298,11.9828254936194,12.9070829004618,13.9997428397043,4.63008450399798,5.0859811929486,5.53350744042601,4.40865898160193,4.78726025699865,5.16807468552247,4.88972273200873,5.3580165237418,5.82122308109923
7.46078883584467,1.99630408000605,6.83780045886985,18.8251505049526,19.9846668606859,21.0564972196324,19.6398901907073,20.6414828073472,21.6073806121504,19.7808087038593,20.6903822447957,21.7026340823647,0.828155682269971,0.844661065538459,0.862393047179731,0.823002102550522,0.839154062146365,0.854323669409408,0.83419344851066,0.854538048624538,0.872805153315536,-0.560236635961602,-0.402733115243101,-0.234486247549978,-0.455853592205303,-0.325340202665255,-0.180923897121211,-0.465144285897718,-0.292111664757997,-0.128236706956634,11.3157888115789,12.5166967848185,13.7114229281262,11.739791197284,12.7654553375235,13.716103452764,11.9698215792544,12.9118915506842,14.0264072266289,4.61653574898629,5.08361195512141,5.5377981925798,4.38875886149128,4.77306438882792,5.16093940508457,4.88393061230742,5.36144631624341,5.83060232545063
7.49188940884757,2.06331281497685,6.84591613556429,18.8001821103219,19.9787746655926,21.0702293980157,19.6269698801373,20.6573212060492,21.6447311703699,19.7758327824387,20.7031911079966,21.7385753503016,0.827933424110376,0.844698241156617,0.862739887354851,0.822600886717392,0.839049169565455,0.854477402730986,0.834021041635874,0.854842506985452,0.873618766456939,-0.563602470215466,-0.403014275628144,-0.231797531580692,-0.455660271951649,-0.322642893843059,-0.175314794873288,-0.466150414812459,-0.289845771486165,-0.122238429387378,11.2832397917895,12.5105975232888,13.7186297100178,11.7231607486283,12.7626113277887,13.7354401410678,11.957542536445,12.9185315937354,14.0468622940915,4.6047438422186,5.08074486605535,5.54193569533865,4.36563850341773,4.7602177476815,5.14958709897651,4.87760311299535,5.3644069171057,5.84151763634588
7.52298998185048,2.13032154994765,6.85403181225873,18.7751030006269,19.9729542504036,21.0875177358185,19.6298112006614,20.670770123841,21.6745380398858,19.7737793960764,20.7185182664561,21.7678183860015,0.827682858988594,0.844783259679835,0.863057387662737,0.822294279662077,0.838946839459277,0.854626003044207,0.833936441729398,0.855185174981187,0.874220376094233,-0.565811669036394,-0.403256699859771,-0.229741068223945,-0.454937146639636,-0.320064391742076,-0.169888285733813,-0.467253396065052,-0.287312623556817,-0.116661564462164,11.2513524858557,12.5044908844454,13.7269837799625,11.7010530684429,12.7591715764104,13.7511557165538,11.9452527130281,12.9239656349544,14.0650161962927,4.5941556996043,5.07814778432737,5.54604910545315,4.3417595705591,4.74518674429185,5.1469294907719,4.87214714374864,5.36803960287299,5.85274266356205
7.55409055485338,2.19733028491845,6.86214748895316,18.7500801229383,19.9701273523843,21.1071240489766,19.6278103770838,20.6870898410927,21.7041161416819,19.7719722831284,20.7328178670672,21.7942885824347,0.827404497787214,0.844865427261668,0.863474989079487,0.821773430170662,0.838833984474312,0.854912759085276,0.833864440883588,0.855496386441612,0.874782726015169,-0.567954399974512,-0.403376229134446,-0.226393360114045,-0.454214021327624,-0.317663432920848,-0.164309509644749,-0.468078346727697,-0.284994355121616,-0.111087955928191,11.2110169733674,12.4968708549733,13.7438937009404,11.671517026091,12.7607018402454,13.7668648031759,11.9328966306509,12.9266985841826,14.0801717247124,4.58320702463686,5.07570088399016,5.55433773199065,4.31852461946128,4.73040269779085,5.14073812284446,4.86725198385607,5.37345391645625,5.86367105790904
7.58519112785629,2.26433901988925,6.8702631656476,18.7247288822609,19.9639203002814,21.1145222810568,19.6301447843762,20.7022632724926,21.7430864862953,19.7703114473682,20.7463304916901,21.820595876199,0.827137298154424,0.84494232215918,0.863854472826012,0.821253070477022,0.838773656444622,0.855219089331259,0.833775697089163,0.855779226024241,0.875425702688736,-0.570986866341694,-0.403473389574209,-0.223692892413083,-0.453477934865478,-0.315138112844792,-0.157952322595256,-0.468878616504685,-0.282183767735497,-0.105345591268155,11.1748925613456,12.4862214595601,13.7619769895934,11.6467408404897,12.7582575551049,13.7841334222462,11.9143235046307,12.9304453276617,14.1019576799773,4.57077409629755,5.0742931351169,5.56055046339622,4.29757814511572,4.71694307539163,5.13268434111917,4.86265638343182,5.37821775351347,5.87447379078624
7.6162917008592,2.33134775486005,6.87837884234203,18.7000153311582,19.959900231253,21.1345284252568,19.6324791916686,20.7208243339724,21.7789241571009,19.7699250007498,20.7633215200797,21.8490774281151,0.826873947808184,0.845041472169563,0.86425461966015,0.820785832403871,0.838682656423945,0.855471439292746,0.833696450006512,0.856070049992619,0.876101616440372,-0.57405723454256,-0.403954203243032,-0.221543954741528,-0.453172560430612,-0.312369717936673,-0.152142267731163,-0.469801737648218,-0.279742931683004,-0.0988871842860944,11.1515345324197,12.4788948848976,13.7752013822341,11.6211727765386,12.7560046752525,13.8004620864584,11.899345189946,12.932543977094,14.1223965108813,4.56224562525171,5.07087579640711,5.56788610651012,4.27660711559832,4.70271741114209,5.12837656897048,4.8570593255916,5.3810435260286,5.88418863471442
7.6473922738621,2.39835648983085,6.88649451903647,18.6756168493013,19.9530650151939,21.1539367123127,19.6317828436455,20.7400154116229,21.8163281648104,19.7679218074712,20.7796560070555,21.8676865803596,0.826610597461944,0.845139355915302,0.864643354735057,0.820570244878616,0.838568712596605,0.855658462558181,0.833614112857453,0.856369279341282,0.876816673102708,-0.577143846684087,-0.404090506329518,-0.218480671190357,-0.452698524930697,-0.309979517186708,-0.146357358520225,-0.469173673738701,-0.277151715127126,-0.0927947325772418,11.1282790577452,12.4751446153146,13.7906291223273,11.5974194172353,12.7572655059247,13.8181819337435,11.8843668752613,12.9337046515393,14.1411238138156,4.55182947206774,5.06796786773654,5.57051724197626,4.25563149750626,4.68937209608541,5.122209204962,4.85190284512409,5.38430711576915,5.89691915627207
7.67849284686501,2.46536522480165,6.8946101957309,18.649974657869,19.9491293928584,21.1603859992784,19.6281991729812,20.7566330162456,21.8536754434117,19.7600788708088,20.7905848618763,21.8934077914121,0.826347345420961,0.845211547994629,0.865158866197912,0.820075786555306,0.838560408133008,0.855850970658222,0.833544792156581,0.856655362154765,0.877515051276443,-0.580345054571846,-0.404225096197826,-0.215576188962998,-0.454548552650372,-0.30789119583701,-0.140576067429617,-0.469670775902725,-0.274852985991131,-0.0870045819608921,11.1050235830708,12.4654333091103,13.8140827475839,11.5771460160943,12.7561395678628,13.8313364675762,11.8693885605766,12.9350940236266,14.1595179376307,4.54101706203098,5.06491611985885,5.57687392369612,4.2335773855165,4.67283516086285,5.11378059565827,4.84815085736831,5.38842237310115,5.90969848811342
7.70959341986791,2.53237395977245,6.90272587242534,18.6236534144055,19.9457805154051,21.168370580471,19.6245718616507,20.7730033666761,21.881948890757,19.7576180735195,20.803038261375,21.9248355268301,0.826086412764524,0.84533525241231,0.86560606482176,0.819763987639324,0.838514014705206,0.856048597602512,0.833465912854417,0.856913342621927,0.878206987374722,-0.584409801551626,-0.40437855990088,-0.212858573046425,-0.454991596275667,-0.305810475122555,-0.134929770390154,-0.470489241423323,-0.272104578579401,-0.0812234999459903,11.0817681083964,12.459786908159,13.8229462774314,11.5566761412633,12.7523796481118,13.8542023223572,11.8579723980822,12.940133950203,14.1812950428721,4.52953769139218,5.06326726957123,5.58303216236274,4.20979719537452,4.65674596627057,5.10716176696252,4.84277790929407,5.39232542862071,5.9224066895086
7.74069399287082,2.59938269474325,6.91084154911977,18.5977058741575,19.941784229903,21.1882351905244,19.6207535496462,20.7889417512425,21.9209770026605,19.7539129629976,20.8162222592599,21.9681429423164,0.825822218535396,0.845348228521238,0.866064749796388,0.819347233302789,0.838425894551211,0.85632083830615,0.833347183352775,0.857227475219373,0.878793631683346,-0.58766124698802,-0.404674892333799,-0.208565436601483,-0.455388077120497,-0.303679448110913,-0.12981985060669,-0.47134469825632,-0.269662478229383,-0.0756649661453513,11.0589312588122,12.4542338509968,13.8335013393772,11.5369400629245,12.7496125991418,13.8792053797496,11.8408768278714,12.9431406443153,14.2030721481135,4.51799787370115,5.06044725891664,5.58592324316774,4.18839048770697,4.64342393045854,5.09837921236598,4.83549738841955,5.39681728519579,5.93498188308092
7.77179456587372,2.66639142971405,6.91895722581421,18.569540349266,19.9373024434314,21.2081287455482,19.6172175971653,20.8025869051852,21.9503539503442,19.7521904587129,20.8268075914223,22.0018018017772,0.825557834196832,0.845434278079665,0.866551507763767,0.818997049839762,0.838341340512311,0.856579554447828,0.833227601552348,0.857577019779294,0.879403891340479,-0.591535720783452,-0.405033010091777,-0.205277959056081,-0.456241926073453,-0.301577001898368,-0.124100923213006,-0.472157444945084,-0.267366486572592,-0.0696288642528872,11.0373392285153,12.4468821333276,13.8607457345371,11.5160074885846,12.745607704994,13.8987841861184,11.8391235454633,12.9473200394217,14.2250480158144,4.50662319777097,5.05787821737673,5.59141995123582,4.16415085840859,4.62940692016749,5.09111550131,4.82884837040428,5.4008640562023,5.94755707665324
7.80289513887663,2.73340016468485,6.92707290250864,18.5433547189217,19.9335216109976,21.2280223005719,19.6198712724403,20.8166635474691,21.9851047158959,19.7540183685589,20.8384405242768,22.0311913751132,0.82529236826395,0.845542914166823,0.866969342289848,0.818610152933426,0.838304446238505,0.856802154134226,0.833099225005537,0.857918355765021,0.880064000716326,-0.595034431259257,-0.405096667925165,-0.202653825208541,-0.456279880685364,-0.299337367286218,-0.118228276178495,-0.472014521975027,-0.265046741811908,-0.0638139726656956,11.0157471982185,12.4372237470011,13.8786848240759,11.4894998819494,12.7404688116437,13.9146062412645,11.8254487724072,12.9473382551854,14.2468222712231,4.49369118088097,5.05612858119817,5.59849277426585,4.14022153672386,4.61401706558745,5.08657932963304,4.82311337785706,5.40453386608595,5.95869417636779
7.83399571187954,2.80040889965565,6.93518857920308,18.5195496762042,19.9306035927658,21.2503515257775,19.6173349502327,20.8340893755619,22.0230509534078,19.7497119431841,20.8540301277243,22.0603519653256,0.825029065519705,0.845654033935813,0.867402183550208,0.818125046550127,0.838194036706658,0.856971622151478,0.833031243789935,0.858259923032263,0.880722183011124,-0.598564540773462,-0.405225407738338,-0.200682062390631,-0.45584567412607,-0.29696662865213,-0.112347134475005,-0.471942273718209,-0.262349588152211,-0.0574742991062376,10.9941551679217,12.4314901579434,13.88721926221,11.4658511387502,12.737449387562,13.9298240823505,11.8086995065859,12.9490853367671,14.2680326466884,4.48372489678845,5.0535492230303,5.60740326540575,4.11796827416041,4.59948899138333,5.08079748434654,4.8166592926341,5.40795172225273,5.96936856093189
7.86509628488244,2.86741763462645,6.94330425589751,18.495113761148,19.9259514628696,21.2652328955723,19.6105698260862,20.8494661733479,22.0633066077322,19.7403251218922,20.8644850450239,22.0916179209009,0.824764681181141,0.845726264629894,0.867827361162255,0.817641840343706,0.83811957884876,0.857175870397338,0.832933176538183,0.858636004101445,0.881380365305922,-0.602264807834313,-0.405442535869439,-0.198710299572721,-0.455411467566776,-0.294703557119752,-0.105842527543384,-0.471343480501573,-0.259619517368775,-0.0511332578196166,10.9710396844675,12.4254315565287,13.8957537003441,11.442202395551,12.7365012367448,13.9495216053053,11.786525772373,12.9492556539285,14.2908275505982,4.47143167014496,5.05187397655893,5.61224331168733,4.09340948461992,4.5850088550472,5.07487948612317,4.81091303918256,5.4114111943324,5.98263891401553
7.89619685788535,2.93442636959725,6.95141993259195,18.4719038482475,19.9221767413703,21.2799003308726,19.6022688368499,20.8628141015307,22.1066956624722,19.7394338117332,20.8779627556953,22.1248502317815,0.824500296842577,0.845786279798779,0.868243693369733,0.817240913576453,0.838075969703364,0.857508079304494,0.832841452957398,0.858956622667417,0.88203854760072,-0.605972007088089,-0.40580882207211,-0.196552877546986,-0.455208800575553,-0.292322100479258,-0.100037113714512,-0.472156830137116,-0.256649852412039,-0.0447922165329964,10.9419684531809,12.4212769842315,13.9130425895519,11.4185536523518,12.7362504552166,13.9692191282602,11.7708579216282,12.9478210542717,14.3126531379505,4.45979633431812,5.04940864979013,5.61791078417122,4.07177384846601,4.57045029028962,5.06801282966971,4.80811764116045,5.41522235312755,5.99589153251555
7.92729743088825,3.00143510456805,6.95953560928638,18.4447736305562,19.9194007756581,21.294543125445,19.5985997273871,20.8782355104667,22.1467432813913,19.7375949921709,20.8922118902025,22.1538783452187,0.824187678918364,0.845881335410299,0.868586316154284,0.816877684995691,0.838045942199144,0.857768975433028,0.832745233751738,0.859299155251648,0.882695929557146,-0.609536090418658,-0.405890730652419,-0.193642796437073,-0.455974018437766,-0.289995919817962,-0.0942499515347186,-0.473884917988218,-0.253848929885501,-0.038334794638733,10.9129218079385,12.4189293199072,13.9306017732186,11.391217505745,12.7313845747128,13.9917491023902,11.7506668479945,12.9508538579679,14.3344787253028,4.44396078527201,5.04599008678373,5.62523581914252,4.0471817580648,4.55547145939578,5.05874986870799,4.80501656396997,5.41851979570175,6.00914415101558
7.95839800389116,3.06844383953885,6.96765128598082,18.4178139073014,19.916336039672,21.3091859200173,19.5949306179242,20.8959699925808,22.1845341556879,19.7329821350028,20.9077168071941,22.1812235209633,0.823966701584593,0.846030459236652,0.869055795208256,0.816516431325331,0.83802935061963,0.858071153034971,0.832646171094478,0.859634424891985,0.883301691446651,-0.612638643163871,-0.405761098105111,-0.190232364122259,-0.457570862166797,-0.288012822046158,-0.0884627893549255,-0.475323544430025,-0.251528729551963,-0.0316535671615492,10.8839883379582,12.412704249888,13.9481609568852,11.3678565953849,12.7281449473757,14.0164623679108,11.7343923638055,12.9519329119228,14.3563043126551,4.42907754598756,5.04082414617503,5.63257213547973,4.02626757643414,4.54060131777232,5.05420966699648,4.80041691904512,5.42168234043695,6.02274298704319
7.98949857689406,3.13545257450965,6.97576696267525,18.3919938780656,19.9101229669047,21.323870666316,19.591049415931,20.9114962089237,22.2153991620786,19.7282549483253,20.9239169858813,22.207553753779,0.823707143826886,0.846082461005059,0.869493639101322,0.816165483991168,0.837917772517194,0.858370696462605,0.832547108437219,0.860022881060048,0.884016387227497,-0.615741195909085,-0.405496856005158,-0.186821931807446,-0.459157258458795,-0.285893464072804,-0.0826756271751323,-0.476087058256489,-0.248740812383358,-0.0250335745329024,10.8569918478441,12.4036347591202,13.965654748648,11.3434075223041,12.7265229138134,14.0407996423014,11.7193229766363,12.9510171392043,14.3811876397075,4.41862211776078,5.03774623947272,5.63776535449026,4.0027335168438,4.52603957164348,5.04966946528498,4.79546070311136,5.42593608639072,6.03619489107034
8.02059914989697,3.20246130948045,6.98388263936969,18.3683855559604,19.9034842334237,21.3385603915658,19.5873586741744,20.9220297696616,22.2541148618433,19.7235277616477,20.9377441204532,22.2359333119933,0.823442759488322,0.846187796567029,0.869911653500202,0.815860107777697,0.837795571439192,0.858601158534237,0.832455791602869,0.860337567366091,0.884689724661099,-0.618843748654298,-0.405582258609252,-0.183411499492632,-0.460657749677781,-0.283626293874073,-0.0768884649953392,-0.476846153236418,-0.24615185911583,-0.0191665288533692,10.8255214876244,12.3984812927245,13.9831336099822,11.3152975022101,12.7245941467176,14.0654347199023,11.7029636506857,12.955278140843,14.4024048952802,4.408166689534,5.03422169423439,5.63918605416046,3.97920267449795,4.51258955163214,5.04388227699195,4.78840574786244,5.43050991490309,6.04897654439462
